"Reference","Value","Footprint","LCSC","MANUFACTURER","MAXIMUM_PACKAGE_HEIGHT","MF","MP","Manufacturer_Name","Manufacturer_Part_Number","Material","Mouser Part Number","Mouser Price/Stock","PARTREV","Package","Part number","Price","STANDARD","Sim.Device","Sim.Pins","Sim.Type","SnapEDA_Link","Voltage","part number","Qty"
"C1, C8, C9","0.47u","Capacitor_SMD:C_0402_1005Metric_Pad0.74x0.62mm_HandSolder","C92361","","","","","","","","","","","","","","","","","","","-- mixed values --","","3"
"C2, C7","0.1u","Capacitor_SMD:C_0402_1005Metric_Pad0.74x0.62mm_HandSolder","C1581","","","","","","","","","","","","","","","","","","","","","2"
"C3","2.2u","Capacitor_SMD:C_0603_1608Metric_Pad1.08x0.95mm_HandSolder","C43922","","","","","","","","","","","","","","","","","","","","","1"
"C4, C5, C11","0.01u","Capacitor_SMD:C_0402_1005Metric_Pad0.74x0.62mm_HandSolder","C1524","","","","","","","","","","","","","","","","","","","","","3"
"C6","2.2u","Capacitor_SMD:C_0402_1005Metric_Pad0.74x0.62mm_HandSolder","C72203","","","","","","","","","","","","","","","","","","","","","1"
"C10, C14","10u","Capacitor_SMD:C_0805_2012Metric_Pad1.18x1.45mm_HandSolder","C15850","","","","","","","","","","","","","","","","","","","","","2"
"C12","47n","Capacitor_SMD:C_0402_1005Metric_Pad0.74x0.62mm_HandSolder","C82219","","","","","","","","","","","","","","","","","","","","","1"
"C13","470p","Capacitor_SMD:C_0402_1005Metric_Pad0.74x0.62mm_HandSolder","C26412","","","","","","","","","","","","","","","","","","","","","1"
"C15","0.33u","Capacitor_SMD:C_0603_1608Metric_Pad1.08x0.95mm_HandSolder","C14790","","","","","","","","","","","","","","","","","","","10V","","1"
"C16","10u","Sensify Footprints:T491A","C15850","","","","","","","Tantalum","","","","","T491A106K010AT","","","","","","","","","1"
"C17","22u","Sensify Footprints:CAPPM3528X210N","C110037","","","","","","","Tantalum","","","","","","","","","","","","","","1"
"C18, C21, C22","1u","Capacitor_SMD:C_0603_1608Metric_Pad1.08x0.95mm_HandSolder","C15849 ","","","","","","","CER","","","","","","","","","","","","","","3"
"C19","10n","Capacitor_SMD:C_0603_1608Metric_Pad1.08x0.95mm_HandSolder","C7248","","","","","","","","","","","","","","","","","","","","","1"
"C20","100u","Sensify Footprints:CAPPM3528X210N","C1953001","","","","","","","Tantalum","","","","","https://www.digikey.com/en/products/detail/kyocera-avx/F931C107MCCAJ6/6156133","","","","","","","","","1"
"C23-C25","0.1uF","Capacitor_SMD:C_0402_1005Metric","C2180807","","","","","","","","","","","","","","","","","","","","","3"
"C26","10uF","Capacitor_SMD:C_0402_1005Metric","C412251","","","","","","","","","","","","","","","","","","","","","1"
"C27","4.7uF","Capacitor_SMD:C_0402_1005Metric","C5718966","","","","","","","","","","","","","","","","","","","","","1"
"C28","100nF","Capacitor_SMD:C_0402_1005Metric","C2180807","","","","","","","","","","","","","","","","","","","","","1"
"C29-C36","1 uF","Capacitor_SMD:C_0402_1005Metric","C87144","","","","","","","","","","","","","","","","","","","","","8"
"C37, C38","100n","Capacitor_SMD:C_0402_1005Metric","C2180807","","","","","","","","","","","","","","","","","","","","","2"
"D1","LED","Diode_SMD:D_0603_1608Metric_Pad1.05x0.95mm_HandSolder","C125093","","","","","","","","","","","","LTST-C190GKT","","","","","","","","","1"
"D2","CL-196HR-CD-T","Diode_SMD:D_0603_1608Metric_Pad1.05x0.95mm_HandSolder","C6150013","","","","","","","","","","","","","","","","","","","","","1"
"D3","SK36A-LTP","Sensify Footprints:DIOM5225X244N","C106867","","","","","","","","","","","","","","","","","","","","","1"
"F1","ITV4030L1412NR","Sensify Footprints:ITV4030_LTF","C3672263","","","","","","","","","","","","","","","","","","","","","1"
"H1-H4","MountingHole","MountingHole:MountingHole_3.2mm_M3","","","","","","","","","","","","","","","","","","","","","","4"
"J1","1-2834011-3","Sensify Footprints:128340113","","","","","","","","","","","","","","","","","","","","","","1"
"J2","1-2834011-2","Sensify Footprints:128340112","","","","","","","","","","","","","","","","","","","","","","1"
"J3","1332645","Sensify Footprints:PHOENIX_1332645","C19193265","Phoenix Contact","3.26mm","","","","","","","","17.01.2022","","","","Manufacturer Recommendations","","","","","","","1"
"J4","0532611271","Sensify Footprints:MOLEX_0532611271","C17393781","MOLEX","3.4mm","","","","","","","","J","","","","Manufacturer Recommendations","","","","","","","1"
"J5-J8","Conn_01x02_Socket","Connector_JST:JST_EH_B2B-EH-A_1x02_P2.50mm_Vertical","","","","","","","","","","","","","","","","","","","","","","4"
"L1","2.2u","Sensify Footprints:IND_PA4332.222NLT_PUL","C3222957","","","","","","","","","","","","","","","","","","","","PA4332.222NLT","1"
"L2","10u","Sensify Footprints:IND_VLS6045EX-100M","C360734","","","","","","","","","","","","","","","","","","","","VLS6045EX-100M","1"
"Q1","2N700","Sensify Footprints:SOT95P240X111-3N","C8545","","","","","","","","","","","","","","","","","","","","","1"
"Q2, Q3","PMPB13XNE,115","Sensify Footprints:DFN2020MD-6_SOT1220_NEX","C553019","","","","","","","","","","","","","","","","","","","","","2"
"Q4","BSS223PWH6327XTSA1","Sensify Footprints:SOT65P210X100-3N","C3278612","","","","","","","","","","","","","","","PMOS","1=D 2=G 3=S","VDMOS","","","","1"
"Q5, Q6","AO3400A","Sensify Footprints:SOT95P280X125-3N","C20917","Alpha & Omega Semiconductor","1.25 mm","","","","","","","","L","","","","IPC 7351B","","","","","","","2"
"Q7","DMP3099L-7","Sensify Footprints:DMP3099L-7_DIO","C155244","","","","","","","","","","","","","","","PMOS","","VDMOS","","","","1"
"R1","10","Resistor_SMD:R_0805_2012Metric_Pad1.20x1.40mm_HandSolder","C103908","","","","","","","","","","","","","","","","","","","","","1"
"R2, R3","50","Resistor_SMD:R_0805_2012Metric_Pad1.20x1.40mm_HandSolder","C2828807","","","","","","","","","","","","","","","","","","","","","2"
"R4, R13, R16, R17","10k","Resistor_SMD:R_0402_1005Metric_Pad0.72x0.64mm_HandSolder","C881209","","","","","","","","","","","","","","","","","","","","","4"
"R5","5m","Sensify Footprints:PS0612_2-10mOHM_YAG","","","","","","","","","","","","","PS0612FKF070R005L","","","","","","","","","1"
"R6, R8","100","Resistor_SMD:R_0402_1005Metric_Pad0.72x0.64mm_HandSolder","C102747","","","","","","","","","","","","","","","","","","","","","2"
"R7, R42","0","Resistor_SMD:R_0402_1005Metric_Pad0.72x0.64mm_HandSolder","C60485","","","","","","","","","","","","","","","","","","","","","2"
"R9","2.2k","Resistor_SMD:R_0402_1005Metric_Pad0.72x0.64mm_HandSolder","C25933","","","","","","","","","","","","","","","","","","","","","1"
"R10","27k","Resistor_SMD:R_0402_1005Metric_Pad0.72x0.64mm_HandSolder","C11896","","","","","","","","","","","","ERA-2ARB273X","","","","","","","","","1"
"R11","250","Resistor_SMD:R_0402_1005Metric_Pad0.72x0.64mm_HandSolder","C114755","","","","","","","","","","","","","","","","","","","","","1"
"R12","1k","Resistor_SMD:R_0402_1005Metric_Pad0.72x0.64mm_HandSolder","C226698","","","","","","","","","","","","","","","","","","","","","1"
"R14","1.33M","Resistor_SMD:R_0402_1005Metric_Pad0.72x0.64mm_HandSolder","C5713265","","","","","","","","","","","","","","","","","","","","","1"
"R15","200k","Resistor_SMD:R_0402_1005Metric_Pad0.72x0.64mm_HandSolder","C25764","","","","","","","","","","","","","","","","","","","","","1"
"R18","150","Resistor_SMD:R_0402_1005Metric_Pad0.72x0.64mm_HandSolder","C25143","","","","","","","","","","","","","","","","","","","","","1"
"R19","100k","Resistor_SMD:R_0402_1005Metric_Pad0.72x0.64mm_HandSolder","C102750","","","","","","","","","","","","","","","","","","","","","1"
"R20","365","Resistor_SMD:R_0402_1005Metric_Pad0.72x0.64mm_HandSolder","C227016","","","","","","","","","","","","","","","","","","","","","1"
"R21","51k","Resistor_SMD:R_0603_1608Metric_Pad0.98x0.95mm_HandSolder","C95329","","","","","","","","","","","","","","","","","","","","","1"
"R22","20k","Resistor_SMD:R_0603_1608Metric_Pad0.98x0.95mm_HandSolder","C125934","","","","","","","","","","","","","","","","","","","","","1"
"R23, R26","5.1k","Resistor_SMD:R_0402_1005Metric","C105872","","","","","","","","","","","","","","","","","","","","","2"
"R24, R25, R31, R32, R41","10k","Resistor_SMD:R_0402_1005Metric","C881209","","","","","","","","","","","","","","","","","","","","","5"
"R27, R28, R40","1k","Resistor_SMD:R_0402_1005Metric","C226698","","","","","","","","","","","","","","","","","","","","","3"
"R29","22.1k","Resistor_SMD:R_0402_1005Metric","C163478","","","","","","","","","","","","","","","","","","","","","1"
"R30","47.5k","Resistor_SMD:R_0402_1005Metric","C137974","","","","","","","","","","","","","","","","","","","","","1"
"R33, R34","4.7k","Resistor_SMD:R_0402_1005Metric","C105870","","","","","","","","","","","","","","","","","","","","","2"
"R35-R39","0","Resistor_SMD:R_0402_1005Metric","C60485","","","","","","","","","","","","","","","","","","","","","5"
"S1","435151014845","435151014845","","","","","","Wurth Elektronik","435151014845","","710-435151014845","https://www.mouser.co.uk/ProductDetail/Wurth-Elektronik/435151014845?qs=OlC7AqGiEDm1DeUERlpGng%3D%3D","","","","","","","","","","","","1"
"SW1","500ASSP3M2QE","Sensify Footprints:500ASSP3M2QE_EWI","","","","","","","","","","","","","","","","","","","","","","1"
"SW2, SW3","SW_Push","Sensify Footprints:SW_1825910-6-4","","","","","","","","","","","","","","","","","","","","","","2"
"TH1","10k","Resistor_SMD:R_0402_1005Metric_Pad0.72x0.64mm_HandSolder","C77131","","","","","","","","","","","","NCP15XH103F03RC","","","","","","","","","1"
"TP1","SDA","TestPoint:TestPoint_Pad_D2.0mm","","","","","","","","","","","","","","","","","","","","","","1"
"TP2","3.3V","TestPoint:TestPoint_Pad_D2.0mm","","","","","","","","","","","","","","","","","","","","","","1"
"TP3","GND","TestPoint:TestPoint_Pad_D2.0mm","","","","","","","","","","","","","","","","","","","","","","1"
"TP4","SCL","TestPoint:TestPoint_Pad_D2.0mm","","","","","","","","","","","","","","","","","","","","","","1"
"TP5","5V","TestPoint:TestPoint_Pad_D2.0mm","","","","","","","","","","","","","","","","","","","","","","1"
"TP6-TP15","TestPoint","TestPoint:TestPoint_Pad_D1.5mm","","","","","","","","","","","","","","","","","","","","","","10"
"TP16","IO0","TestPoint:TestPoint_Pad_D2.0mm","","","","","","","","","","","","","","","","","","","","","","1"
"TP17","FLASHING_VBUS_5V","TestPoint:TestPoint_Pad_D2.0mm","","","","","","","","","","","","","","","","","","","","","","1"
"TP18","EN","TestPoint:TestPoint_Pad_D2.0mm","","","","","","","","","","","","","","","","","","","","","","1"
"TP19","HAPTICS_EN","TestPoint:TestPoint_Pad_D2.0mm","","","","","","","","","","","","","","","","","","","","","","1"
"TP20","INTERRUPT1_IMU","TestPoint:TestPoint_Pad_D2.0mm","","","","","","","","","","","","","","","","","","","","","","1"
"TP21","INTERRUPT2_IMU","TestPoint:TestPoint_Pad_D2.0mm","","","","","","","","","","","","","","","","","","","","","","1"
"U1","MAX17320G22","Sensify Footprints:TQFN-24","C2914309","","","Maxim Integrated Products","MAX17320G22+","","","","","","","None","","None","","","","","https://www.snapeda.com/parts/MAX17320G22+/Analog+Devices/view-part/?ref=snap","","","1"
"U2","BQ25306RTER","Sensify Footprints:IC_BQ25306RTER","C3682611","Texas Instruments","0.8mm","Texas Instruments","BQ25306RTER","","","","","","A","WFQFN-16 Texas Instruments","","None","Manufacturer Recommendations","","","","https://www.snapeda.com/parts/BQ25306RTER/Texas+Instruments/view-part/?ref=snap","","","1"
"U3","LD29150DT33R","Sensify Footprints:DPAK456P972X240-3N","C155674","STMicroelectronics","2.4mm","STMicroelectronics","LD29150DT33R","","","","","","20","DPAK STMicroelectronics","","None","IPC-7351B","","","","https://www.snapeda.com/parts/LD29150DT33R/STMicroelectronics/view-part/?ref=snap","","","1"
"U4","LM22676MRX-5.0_NOPB","Sensify Footprints:VREG_LM5017MR_NOPB","C485622","","","","","","","","","","","","","","","","","","","","","1"
"U5","ESP32-WROOM-32E-N16","Sensify Footprints:ESP32-WROOM-32E_EXP","C701343","","","","","","","","","","","","","","","","","","","","","1"
"U6","CP2102N-A02-GQFN28","Sensify Footprints:QFN28_5X5_SIL-M","C1550553","","","","","","","","","","","","","","","","","","","","","1"
"U7-U10","DRV2605LDGSR","Sensify Footprints:SOP50P490X110-10N","C527464","Texas Instruments","1.1 mm","Texas Instruments","DRV2605LDGSR","","","","","","D","VSSOP-10 Texas Instruments","","None","IPC-7351B","","","","https://www.snapeda.com/parts/DRV2605LDGSR/Texas+Instruments/view-part/?ref=snap","","","4"
"U11","LSM6DSOTR","Sensify Footprints:IMU_LSM6DSOTR","C2655100","","","","","","","","","","","","","","","","","","","","","1"
